<flow-definition plugin="workflow-job@2.42">
<actions>
<org.jenkinsci.plugins.pipeline.modeldefinition.actions.DeclarativeJobAction plugin="pipeline-model-definition@1.9.3"/>
<org.jenkinsci.plugins.pipeline.modeldefinition.actions.DeclarativeJobPropertyTrackerAction plugin="pipeline-model-definition@1.9.3">
<jobProperties/>
<triggers/>
<parameters/>
<options/>
</org.jenkinsci.plugins.pipeline.modeldefinition.actions.DeclarativeJobPropertyTrackerAction>
</actions>
<description/>
<keepDependencies>false</keepDependencies>
<properties>
<org.jenkinsci.plugins.workflow.job.properties.PipelineTriggersJobProperty>
<triggers>
<hudson.triggers.SCMTrigger>
<spec>H/15 * * * *</spec>
<ignorePostCommitHooks>false</ignorePostCommitHooks>
</hudson.triggers.SCMTrigger>
</triggers>
</org.jenkinsci.plugins.workflow.job.properties.PipelineTriggersJobProperty>
</properties>
<definition class="org.jenkinsci.plugins.workflow.cps.CpsScmFlowDefinition" plugin="workflow-cps@2640.v00e79c8113de">
<scm class="hudson.plugins.git.GitSCM" plugin="git@4.10.0">
<configVersion>2</configVersion>
<userRemoteConfigs>
<hudson.plugins.git.UserRemoteConfig>
<url>https://github.com/ipcrm/redis-testing.git</url>
</hudson.plugins.git.UserRemoteConfig>
</userRemoteConfigs>
<branches>
<hudson.plugins.git.BranchSpec>
<name>*/main</name>
</hudson.plugins.git.BranchSpec>
</branches>
<doGenerateSubmoduleConfigurations>false</doGenerateSubmoduleConfigurations>
<submoduleCfg class="empty-list"/>
<extensions/>
</scm>
<scriptPath>Jenkinsfile</scriptPath>
<lightweight>true</lightweight>
</definition>
<triggers/>
<disabled>false</disabled>
</flow-definition>
